produk,harga,rating,penjualan,store
Sepatu Sepeda Motor ALL Bike AP Boots Hujan ALLBIKE 100 Original 439 - Merah 38,Rp54.888,4.9,Terjual 27772,Depok LBS OFFICIAL STORE
Tali sepatu,Rp700,4.9,Terjual 8882,Bogor Indra _ jaket _ Cimanggu
Tali Sepatu Oval panjang satu meter,Rp800,4.8,Terjual 7477,Bogor Indra _ jaket _ Cimanggu
Sepatu converse all star  + box,Rp123.500,4.5,Terjual 7476,Kab. Tangerang Star Shoes
Sepatu Adidas Slip On Casual,Rp70.000,4.4,Terjual 5164,Kab. Bandung Rezeki
ALAS  SEPATU atau BUSA ALAS DALAM SEPATU INSOLE,Rp4.000,4.8,Terjual 5102,Kab. Bogor wiwik nanang
Sepatu Safety - Safety Low Boots - Sepatu Kerja Safety Industry Proyek Safety Shoes Premium,Rp135.000,4.9,Terjual 4564,Kab. Tangerang Seven Point Store
COD - SEPATU PANTOFEL MOCASSIN PRIA KULIT ASLI - HITAM COKELAT,Rp135.000,4.7,Terjual 4463,Bandung Bellionz
Tali Sepatu/Tali Jumper Meteran Hitam,Rp2.250,4.8,Terjual 4394,Malang Heaven Kaufen
Sepatu Sneakers Sneaker Pria Wanita Casual Sepatu Kerja Sekolah Olahraga Running Lari Import Original,Rp228.000,5,Terjual 4262,Jakarta Pusat White Stone
Sepatu Sneakers Sneaker Pria Wanita Sepatu Running Lari Olahraga Casual Kets,Rp229.000,5,Terjual 4253,Jakarta Pusat White Stone
COD - SEPATU KULIT PRIA CASUAL - SEPATU KANTOR PRIA CASUAL - PANSUS HITAM COKELAT XT4Y,Rp345.000,5,Terjual 4010,Bandung Bellionz
Sepatu Original Pria Hipzo M 033 Badminton Olahraga Sekolah Kerja Sepatu Sneakers Ori,Rp95.000,4.8,Terjual 4005,Kab. Mojokerto Hipzo Official Shop
Sepatu Karet Pria - Pantofel - Sepatu Kerja - Sepatu Formal C,Rp58.000,4.8,Terjual 3960,Jakarta Selatan 89stories
ORTHOPEDIC SILICON GEL INSOLE FULL SHOE SPORT INSERT PAD ALAS SEPATU,Rp50.000,4.9,Terjual 3908,Tangerang Need Soon
Sepatu AP Hobby N Work Boots Kerja By AP BOOT Pendek Pvc Waterproof - Hitam 40,Rp64.888,4.9,Terjual 3794,Depok LBS OFFICIAL STORE
Sepatu Sneakers Pria Wanita Sepatu Kets Casual Running Lari Olahraga Sport,Rp298.000,5,Terjual 3688,Jakarta Pusat White Stone
TALI SEPATU BULAT LORENG,Rp1.800,4.8,Terjual 3654,Kab. Bogor wiwik nanang
SEPATU SAFETY CUSTOM,Rp95.000,4.8,Terjual 3614,Bandung Jakober_Store
Sepatu Pria Hipzo M 039 Formal Sneakers Original NEW,Rp120.000,4.9,Terjual 3515,Kab. Mojokerto Hipzo Official Shop
Sepatu Sneakers Sneaker Pria Wanita Sepatu Kerja Sekolah Casual Santai Sepatu Kets Olahraga Running Lari Original,Rp199.000,5,Terjual 3306,Jakarta Pusat White Stone
Sepatu Safety bahan kulit sapi asli,Rp110.000,4.7,Terjual 3174,Surabaya Fitria Diah Wulansari
Sepatu Pantofel Kulit Sapi pria jaminan uang kembali jika bukan kulit 174,Rp115.000,4.7,Terjual 3134,Surabaya Fitria Diah Wulansari
Sepatu safety boot kulit sapi asli jaminan uang kembali jika bukan kulit.,Rp130.000,4.6,Terjual 3101,Surabaya Fitria Diah Wulansari
Sepatu Pria Safety BESI Hipzo M 41 Original 100 Untuk Pria Kerja Proyek,Rp140.000,4.9,Terjual 2849,Kab. Mojokerto Hipzo Official Shop
INSOLE ARCH SUPPORT FLAT FOOT ORTHOPEDIC ORTHOTIC TEBAL 3CM ALAS KAKI,Rp41.500,4.9,Terjual 2845,Tangerang Need Soon
Sepatu pantofel pria kulit sapi asli gak kulit uang kembali 178,Rp115.000,4.8,Terjual 2795,Surabaya Fitria Diah Wulansari
INSOLE ORTHOTIC SPORT SHOCK ABSORBING SEPATU OLAHRAGA BREATABLE MESH,Rp79.500,4.9,Terjual 2792,Tangerang Need Soon
Sepatu Safety Bahan Kulit Ujung Besi Sepatu Tali,Rp90.000,5,Terjual 2600,Bandung Jakober_Store
Sepatu Sneakers Sneaker Pria Wanita Sepatu Kerja Sekolah Casual Sepatu Kets Olahraga Running Lari,Rp199.000,5,Terjual 2261,Jakarta Pusat White Stone
Tali Sepatu/Tali Jumper Meteran Putih,Rp2.250,4.9,Terjual 2179,Malang Heaven Kaufen
Sepatu Pria Formal Kickers Slank Sepatu Terbaru Cowok Kasual Kantor Dinas Kerja Santai Murah  Sepatu Kulit Asli Sapi Casual Pria Sneakers Terbaru,Rp395.000,4.9,Terjual 2174,Bandung Lapak_online22
INSOLE SPORT ARCH SUPPORT PU FOAM ORTHOPEDIC PLANTAR FASCIITIS SEPATU,Rp95.000,4.9,Terjual 2042,Tangerang Need Soon
Sepatu Boot Pria Boots Touring Casual Kulit Asli Resleting Non Safety Handmade Fordza BKS07,Rp207.900,4.7,Terjual 1974,Kab. Bogor Fordza Shop
sepatu converse tanpa box,Rp55.000,4.8,Terjual 1932,Tangerang dzaky sport
Premium elastic lazy shoelace silicone - Tali sepatu silikon elastis,Rp22.500,4.8,Terjual 1823,Kab. Bandung Cipta Wholesale
"Sepatu Boot Delta 8"" - Warna Gurun",Rp300.000,4.7,Terjual 1723,Bandung Armory Indonesia
Sepatu Pantofel Pria Semi Formal kulit asli warna hitam Fordza CBR107,Rp174.900,4.8,Terjual 1704,Kab. Bogor Fordza Shop
SEPATU BOOTS CROCODILE ARMOR SAFETY TOURING SEPATU GUNUNG MOTOR PRIA ORIGINAL TERBARU,Rp105.000,4.9,Terjual 1663,Bandung DM STYLE OFFICIAL SHOP
"BELI 2 PSG = 1 KG , SEPATU CONVERSE ALL STAR  LOW CUT + BOX CONVERSE",Rp76.000,4.6,Terjual 1608,Bandung Veloce 93
Pantofel pria kulit sapi asli hitam 190,Rp115.000,4.7,Terjual 1600,Surabaya Fitria Diah Wulansari
Insole Sepatu EVA Foam HONEYCOMB Anti Bau Anti Bacterial Anti Sweat,Rp17.500,4.9,Terjual 1575,Tangerang Need Soon
Sepatu Casual Running Nike Free Zoom Fly Knit Man Untuk Pria Cowo Black Hitam Biru Navy Merah Grey Running Joging Olah Raga Premium Import Vietnam,Rp200.000,4.4,Terjual 1564,Depok ONE PROJECT
Sepatu Casual Pria Adidas Gazelle,Rp150.000,4.6,Terjual 1498,Depok ONE PROJECT
Tali sepatu karet tali sepatu silikon silicon shoes karet,Rp20.000,4.7,Terjual 1478,Jakarta Barat Nick__Sport
Sepatu Sneakers Sneaker Pria Wanita Sepatu Casual Santai PREMIUM QUALITY,Rp146.500,5,Terjual 1470,Bandung GHAZLAN KAMILA
Sepatu Pria Sneaker NSA Sporty,Rp50.000,4.7,Terjual 1451,Kab. Bogor Dans Scout Shop
INSOLE SEPATU ALAS SEPATU MEMORY FOAM PAD FOAM,Rp24.900,4.9,Terjual 1450,Jakarta Utara Home Diaries
Sepatu Sneakers Sneaker Casual Pria Bisa Untuk Sepatu Sekolah Sepatu Santai KEREN,Rp147.000,5,Terjual 1431,Bandung GHAZLAN KAMILA
Sepatu Pantofel Kulit Terbaru Sepatu Sneakers Sale Sepatu Safety Kerja Sepatu Pria Termurah Sepatu Guru Dinas Sepatu Formal Terlaris,Rp385.000,5,Terjual 1425,Bandung Lapak_online22
INSOLE SEPATU SPORT PERFORMANCE OLAHRAGA SHOCK ABSORB ORTHOTIC PU FOAM,Rp82.500,4.9,Terjual 1411,Tangerang Need Soon
Raptor Safety shoes Black Ptl,Rp89.000,4.7,Terjual 1375,Surabaya Berkah Jaya Colletion
COD - SEPATU KULIT PRIA PANSUS KANTOR GEREJA PANTOPEL LOAFER MOCASSIN ASLI - COKELAT HITAM XT4T,Rp175.000,4.8,Terjual 1309,Bandung Bellionz
Sepatu Pria Hipzo M 35 Casual Slip On Kerja Murah Original,Rp125.000,4.9,Terjual 1305,Kab. Mojokerto Hipzo Official Shop
Sepatu Kickers MX One Slip On Casual Santai Formal Pria Coklat Hitam,Rp125.000,4.8,Terjual 1267,Gresik LAPAK SEPATU SURABAYA
TERMURAH Sepatu Sneakers Nike Air Max Zoom Pegasus Untuk Running Olahraga Lari Pria Cowo Laki Hitam Putih Navy Merah Murah Grosir Grade Ori,Rp200.000,4.6,Terjual 1168,Depok ONE PROJECT
sepatu kodachi 8111 new model.,Rp110.000,4.6,Terjual 1143,Jakarta Utara MAJU 828
Sepatu Safety - Sepatu Proyek - Safety Shoes,Rp133.000,4.9,Terjual 1120,Kab. Tangerang anekasepatu99
sepatu safety kulit sepatu kerja,Rp130.000,4.8,Terjual 1095,Sidoarjo Toko Barokah
Sepatu sandal selop pria,Rp90.000,4.8,Terjual 1079,Malang Nukus Official Store
Redzeal Sepatu Sneakers Pria Jump6 Import Bahan Lentur Sol Karet,Rp299.000,4.7,Terjual 1079,Kab. Tangerang Redzeal Official Store
BLZ x LIBERIO SEPATU PANTOPEL CASUAL PRIA KULIT ASLI KANTOR FORMAL PANCUS SLIP ON KONDANGAN GEREJA,Rp385.000,4.7,Terjual 1076,Bandung Bellionz
Pantofel Absolute Black,Rp50.000,4.8,Terjual 1070,Jakarta Timur Sepatu Pioneer
Sepatu Converse All Star High hitam putih,Rp80.000,4.5,Terjual 1065,Kab. Tangerang Star Shoes
Sepatu Pria Original Hipzo M 047 Pria Boots Kasual Casual Boots kulit hiking Anti Air Sepatu Gunung,Rp140.000,4.8,Terjual 1040,Kab. Mojokerto Hipzo Official Shop
Sepatu Pria Pantofel Crocodile,Rp200.000,4.7,Terjual 1040,Bandung tina agustin
Sepatu Boot Pria Formal Pantofel Resleting | Sepatu Kulit Asli Bukan Kickers BOOTS01 HT MURAH,Rp207.900,4.6,Terjual 1036,Kab. Bogor Fordza Shop
Sepatu Safety Boots Pria Kulit Asli Ujung Besi Baja Sefty Cowok Septy Proyek Lapangan,Rp253.000,4.8,Terjual 1024,Kab. Tangerang Seven Point Store
Sepatu PDH Satpam - Paskibra - Linmas - Security - tni-polri - kilap T3k,Rp119.000,4.6,Terjual 1023,Kab. Bandung Pabrik Sepatu Gunung Puntang
"Sepatu Boot Pria/ Sepatu Boots Kulit/ Boot Model Kickers, Caterpillar, Bally, Brodo BKS01TP",Rp207.900,4.6,Terjual 1016,Kab. Bogor Fordza Shop
Sepatu Casual Pria Murah Sepatu Slip On,Rp200.000,5,Terjual 1011,Bandung Justrue Store
sepatu pantofel kulit,Rp300.000,4.7,Terjual 984,Bandung tina agustin
Sepatu Boot Pria Formal/ Boot Pantofel Resleting/ Kulit Sapi Asli Kantoran Kerja Warna Hitam BOOTS02,Rp207.900,4.6,Terjual 975,Kab. Bogor Fordza Shop
sepatu formal kickers pantofel kulit asli Sepatu kantor pria,Rp172.000,4.8,Terjual 961,Kab. Tangerang lexsnoe shoes
Sepatu Casual Pria 100% KULIT. MURAH kode: CD05HT,Rp141.900,4.7,Terjual 939,Kab. Bogor Fordza Shop
Sepatu Pantofel Pria Kulit High Quality Model LV Formal/ Kantor/ Kerja 9011HT,Rp251.900,4.8,Terjual 929,Kab. Bogor Fordza Shop
Sepatu Pria Casual Slip On Formal Hitam Kulit Asli TPR Outsole Fordza MCL101,Rp200.000,4.9,Terjual 926,Kab. Bogor Fordza Shop
grosir moc3021 moc 3021 asli ori original,Rp2.500,4.9,Terjual 925,Jakarta Barat PCM Elektronik
"SEPATU CONVERSE ALL STAR HIGH BLACK + BOX CONVERSE ,,",Rp75.000,4.7,Terjual 912,Bandung Veloce 93
Sepatu Pantofel Kulit Crocodile,Rp119.000,4.3,Terjual 910,Bandung sepatubandung
Sepatu Pantopel Kulit Pria kode: PT02HT,Rp153.890,4.7,Terjual 897,Kab. Bogor Fordza Shop
Sepatu Pantofel Pria CROCODILE Kulit Asli Formal Shoes Cowok SF01,Rp75.000,4.7,Terjual 892,Kab. Bandung Jadda Shoes
sepatu big size,Rp80.000,5,Terjual 881,Jakarta Timur wenes colection
sepatu slop kickers casual kerja santai pria hitam coklat Tua  promo bukalapak,Rp60.000,4.6,Terjual 881,Bandung Murni Onlineku
Best seller Sepatu sekolah nike airmax hitam polos,Rp90.000,4.5,Terjual 871,Sidoarjo by shop
Sepatu safety pendek kulit sapi asli,Rp115.000,4.9,Terjual 865,Surabaya Fitria Diah Wulansari
MEMORY FOAM INSOLES - SOL ALAS DALAM SEPATU AGAR LEBIH EMPUK DAN NYAMAN,Rp15.500,4.8,Terjual 863,Jakarta Utara Vannes Store
Sepatu PDH Paskibra - TNI - POLRI Termurah,Rp109.000,4.4,Terjual 835,Kab. Bandung Pabrik Sepatu Gunung Puntang
Sepatu Safety Slop - Safety Slip-on Sepatu Kerja Safety Selop - Safety Shoes Slip On Premium Safety,Rp135.000,4.9,Terjual 827,Kab. Tangerang Seven Point Store
Sepatu Pantofel Pria Sepatu Kickers Sepatu Formal Kerja,Rp71.476,4.7,Terjual 826,Kab. Bandung Jadda Shoes
Sepatu Tactical Delta 8in,Rp290.000,4.8,Terjual 821,Jakarta Pusat BintangShopOnline
Sepatu safety boot slop elastis Bahan kulit sapi asli Sl 1,Rp130.000,4.8,Terjual 805,Surabaya Fitria Diah Wulansari
SEPATU FORMAL KICKERS PANTOFEL,Rp70.000,4.6,Terjual 805,Bandung dona saragih
Sepatu Casual Converse All Star Low,Rp111.500,4.4,Terjual 801,Kab. Tangerang Star Shoes
SEPATU KULIT PRIA - SEPATU PESTA PRIA - SEPATU PENTOPEL KONDANGAN - BAHAN KULIT SAPI - BLZ x ALBERTO,Rp385.000,4.6,Terjual 787,Bandung Bellionz
Warior clasic mengingatkan kita sekolah di th sembilanpuluhan,Rp139.900,4.8,Terjual 766,Sumedang primeshoes
Sepatu Joemen J 49 Original Import Sepatu Pria Wanita Kerja Sekolah Olahraga,Rp200.000,4.8,Terjual 764,Kab. Mojokerto Joemen Official Store
Sepatu Converse All Star High Tanpa Boks,Rp56.000,4.9,Terjual 764,Kab. Tangerang IyeqShop
Sepatu Safety Jogger Desert S1P Brown,Rp455.000,4.9,Terjual 762,Jakarta Barat Mulia Makmur
Sepatu Pantofel Karet ATT AB 520,Rp29.000,4.8,Terjual 756,Jakarta Barat Redshroom
Sepatu safety  boots kulit sapi asli gak kulit uang kembali,Rp128.000,4.8,Terjual 747,Surabaya Fitria Diah Wulansari
Sepatu Santai Pria ADIDAS SLop,Rp150.000,4.6,Terjual 743,Bandung Official Sepatu Bandung
Sepatu Boots Hiking Bikers HIPZO M-045 Original,Rp140.000,4.8,Terjual 729,Kab. Mojokerto Hipzo Official Shop
Sepatu Kulit Pantofel Kantor Kerja bukan Kickers | Handmade Premium 902HT,Rp251.900,4.7,Terjual 725,Kab. Bogor Fordza Shop
Sepatu PDH-R.03 KILAT | Tni | Polri (Tinggi),Rp200.000,4.6,Terjual 718,Kab. Mojokerto MANDIENS STORE
sepatu warrior classic pendek sepatu 90thnan,Rp134.900,4.6,Terjual 715,Sumedang primeshoes
Sepatu Boot Pria Kulit Asli/ Boots Casual Tinggi/ Boot Touring Model Kickers 0606HT MURAH BKS03,Rp240.900,4.7,Terjual 712,Kab. Bogor Fordza Shop
Sepatu Vans Old Skool,Rp300.000,4.7,Terjual 710,Depok ONE PROJECT
Sepatu Casual Pria Kulit Asli Model Tali Sneakers Santai Semi Formal Hand Made Fordza 207,Rp174.900,4.8,Terjual 704,Kab. Bogor Fordza Shop
sepatu boots pria keren sepatu kickers safety suede mercy  ..,Rp130.000,4.2,Terjual 702,Bandung andre shop bandung
SEPATU CONVERSE ALL STAR HIGH + BOX GRADE ORI,Rp110.000,4.5,Terjual 691,Kab. Tangerang kinnantishop
Sepatu PDL Ninja Termurah & Asli Kulit,Rp229.000,4.6,Terjual 683,Kab. Bandung Pabrik Sepatu Gunung Puntang
Sepatu Pria Original Sneaker Pria Wanita Casual Simpel Promo Sepatu Sneaker Import Terbaik,Rp180.000,4.9,Terjual 681,Jakarta Barat Ristoys
Sepatu Pdh,Rp99.000,4.7,Terjual 678,Bandung KONVEKSI ARMY45
sepatu converse premium bamper warna/FREE KAOS KAKI,Rp90.000,4.9,Terjual 661,Tangerang dzaky sport
Sepatu Pria Casual Sneakers Low Boot Kulit Asli Semi Pantofel Modell BLY-535,Rp251.900,4.8,Terjual 648,Kab. Bogor Fordza Shop
sepatu PDH mengkilap original,Rp110.000,4.6,Terjual 645,Bandung BODUT ARMY
sepatu safety boots bahan kulit sapi asli av 4,Rp130.000,4.8,Terjual 641,Surabaya Fitria Diah Wulansari
SEPATU DELTA FORCE TAN 8 INCH,Rp299.000,4.7,Terjual 641,Jakarta Barat Toko EL88
Sepatu Kulit Pria Pantofel Formal Kerja Kantor Anti Slip Murah 509,Rp164.890,4.7,Terjual 629,Kab. Bogor Fordza Shop
Penambahan sol / jahit sepatu melingkar,Rp12.000,4.6,Terjual 623,Surabaya Fitria Diah Wulansari
sepatu kickers casual kulit asli sol jahit kuat,Rp250.000,4.8,Terjual 619,Kab. Bandung sayurshop
Kiwi Shoe Polish semir sepatu 17.5ml hitam,Rp8.900,4.9,Terjual 618,Bandung MUMOS
HOT PROMO Sepatu Sneakers Casual Adidas Gazelle Man Untuk Pria Cowo Cowok Laki Murah Grosir Size Ukuran 39 40 41 42 43,Rp150.000,4.5,Terjual 617,Depok ONE PROJECT
Sepatu Pantofel Kulit Sapi Garut,Rp110.000,4.5,Terjual 613,Bandung sepatubandung
Sepatu Boots Kickers Safety Shoes Boot Pria Murah #Proyek#Casual#Caterpillar#Crocodile#Bandung#Touring#Tracking#Hiking#Worksafe#Steel Toe#Delta#Tactical,Rp220.000,4.7,Terjual 610,Kab. Bandung kantin sepatu
Sepatu Boot Pria Kulit Asli Model Pantofel Formal Handmade Berkuaitas 0317,Rp250.000,4.7,Terjual 607,Kab. Bogor Fordza Shop
box skechers,Rp15.000,4.6,Terjual 604,Jakarta Pusat C Boutique
siku kaca miring 25cm,Rp13.000,5,Terjual 600,Bekasi Dunia Hanger
SEPATU DELTA FORCE TAN 6 INCH,Rp299.000,4.7,Terjual 597,Jakarta Barat Toko EL88
Sepatu Casual Pria Kickers Shaka,Rp200.000,4.4,Terjual 594,Bandung Leonelshop Bandung
Sepatu Nike Airmax Zoom Grade Ori Full White Putih Sport Casual Pria,Rp150.000,4.7,Terjual 579,Gresik LAPAK SEPATU SURABAYA
Alas sepatu Sol sepatu memory foam insole Lembut semua ukuran,Rp67.800,4.8,Terjual 578,Jakarta Pusat Toko25jam
Sepatu pantofel tali,Rp68.500,4.7,Terjual 577,Malang Nukus Official Store
sepatu safety boot bahan kulit sapi L.1,Rp130.000,4.7,Terjual 575,Surabaya Fitria Diah Wulansari
Tali Lilin Gepeng (Flat) 120cm Variasi Warna untuk Sepatu Sneakers,Rp35.000,4.9,Terjual 570,Bandung Mr. Shoelaces
Sepatu Pantofel Karet ATT SAF 1146,Rp32.000,4.7,Terjual 565,Jakarta Barat Redshroom
Sepatu Kerja Kantor Pantofel Pria Formal bahan Kulit - Murah Berkualitas,Rp196.000,4.7,Terjual 560,Kab. Bandung WETAN Store
Techdoo Sepatu Pria Outdoor Sport Air Mesh Korea Kasual Running Shoes MR209,Rp198.000,4.8,Terjual 557,Tangerang Techdoo
sepatu safety kulit pria sepatu tali safety,Rp140.000,4.7,Terjual 554,Sidoarjo Toko Barokah
Sepatu Kickers pantofel Kulit Swedia untuk kerja kantor resmi formal pria,Rp90.000,4.3,Terjual 539,Bandung dona saragih
sepatu pdh,Rp145.000,4.6,Terjual 529,Bandung Murni Onlineku
Sepatu Boots Murah Docmart Dr Martens pria 8 lubang / hole - bahan KULIT,Rp225.000,4.7,Terjual 528,Kab. Bandung WETAN Store
KipzKapz FS73 Walnut Brown 90cm 115cm 140cm 160cm Tali Sepatu Pipih - Flat Shoelace,Rp28.000,4.5,Terjual 528,Jakarta Pusat Kipzkapz Official Store
Sepatu Pantofel Kulit Garut Risleting Kickers Formal Kerja Kantoran,Rp155.000,4.6,Terjual 523,Bandung sepatubandung
Sepatu Pria Brodo Boots Sauqi Footwear Sepatu Kulit Asli Casual Formal Men's Boots Premium Leather #Brodo #Kickers #CAT #Clarks #Grosir Sepatu #Sepatu Pria,Rp280.000,4.4,Terjual 522,Bandung Rumah Sepatu Murah
Sepatu safety bahan kulit asli KRC. 1,Rp130.000,4.6,Terjual 518,Surabaya Fitria Diah Wulansari
Sepatu Converse All Star Abu + box,Rp125.000,4.6,Terjual 516,Kab. Tangerang Star Shoes
slop murah,Rp50.000,5,Terjual 514,Jakarta Timur wenes colection
Shoe Pad Silicone Alas Kaki Sepatu Gel Insole Empuk Sepatu Sneaker Anti Bau,Rp13.900,4.9,Terjual 511,Jakarta Utara bursa cosmetik murah
